"","El Niño","La Niña","Neutral"
"El Niño",0,0.125,0.875
"La Niña",0,0.0909090909090909,0.909090909090909
"Neutral",0.0888888888888889,0.1,0.811111111111111
